{"cameraMode":{"drawMode":0,"name":"Shaded","section":"Shading Mode"},"sceneLighting":false,"audioPlay":false,"sceneViewState":{"m_AlwaysRefresh":false,"showFog":true,"showSkybox":true,"showFlares":true,"showImageEffects":true,"showParticleSystems":true,"showVisualEffectGraphs":true,"m_FxEnabled":true},"in2DMode":false,"pivot":{"x":5.205057144165039,"y":52.296897888183597,"z":6.739783763885498},"rotation":{"x":0.011178940534591675,"y":-0.6439306139945984,"z":-0.009530356153845787,"w":-0.765022873878479},"size":0.2911319434642792,"orthographic":false}