{"cameraMode":{"drawMode":0,"name":"Shaded","section":"Shading Mode"},"sceneLighting":false,"audioPlay":false,"sceneViewState":{"m_AlwaysRefresh":false,"showFog":true,"showSkybox":true,"showFlares":true,"showImageEffects":true,"showParticleSystems":true,"showVisualEffectGraphs":true,"m_FxEnabled":true},"in2DMode":false,"pivot":{"x":-1.9234720468521119,"y":46.039615631103519,"z":-14.49731731414795},"rotation":{"x":0.3041056990623474,"y":0.0005737843457609415,"z":-0.00018281758821103722,"w":0.9526365995407105},"size":5.291987895965576,"orthographic":false}