{"cameraMode":{"drawMode":0,"name":"Shaded","section":"Shading Mode"},"sceneLighting":false,"audioPlay":false,"sceneViewState":{"m_AlwaysRefresh":false,"showFog":true,"showSkybox":false,"showFlares":true,"showImageEffects":true,"showParticleSystems":true,"showVisualEffectGraphs":true,"m_FxEnabled":true},"in2DMode":false,"pivot":{"x":-6.884944438934326,"y":55.150367736816409,"z":19.840600967407228},"rotation":{"x":-0.000006241128176043276,"y":-0.9977895021438599,"z":0.058421868830919269,"w":-0.022998496890068055},"size":0.2938738167285919,"orthographic":false}